,metric,abs_corr_sum
0,SASA,0.3920758008073468
1,Flexibility,0.48899039801363814
